Domain,Area,Element,Item,Year,Unit,Value
"Emissions intensities","India","Emissions (CO2eq)","Cereals excluding rice","1961","gigagrams","4885.8162"
"Emissions intensities","India","Emissions (CO2eq)","Cereals excluding rice","1962","gigagrams","5269.0193"
"Emissions intensities","India","Emissions (CO2eq)","Cereals excluding rice","1963","gigagrams","5163.9084"
"Emissions intensities","India","Emissions (CO2eq)","Cereals excluding rice","1964","gigagrams","5399.4628"
"Emissions intensities","India","Emissions (CO2eq)","Cereals excluding rice","1965","gigagrams","5416.4571"
"Emissions intensities","India","Emissions (CO2eq)","Cereals excluding rice","1966","gigagrams","5675.7435"
"Emissions intensities","India","Emissions (CO2eq)","Cereals excluding rice","1967","gigagrams","6505.7218"
"Emissions intensities","India","Emissions (CO2eq)","Cereals excluding rice","1968","gigagrams","7231.317"
"Emissions intensities","India","Emissions (CO2eq)","Cereals excluding rice","1969","gigagrams","7713.0904"
"Emissions intensities","India","Emissions (CO2eq)","Cereals excluding rice","1970","gigagrams","8198.8371"
"Emissions intensities","India","Emissions (CO2eq)","Cereals excluding rice","1971","gigagrams","8674.497"
"Emissions intensities","India","Emissions (CO2eq)","Cereals excluding rice","1972","gigagrams","8800.4323"
"Emissions intensities","India","Emissions (CO2eq)","Cereals excluding rice","1973","gigagrams","9114.3838"
"Emissions intensities","India","Emissions (CO2eq)","Cereals excluding rice","1974","gigagrams","8448.1748"
"Emissions intensities","India","Emissions (CO2eq)","Cereals excluding rice","1975","gigagrams","10484.5464"
"Emissions intensities","India","Emissions (CO2eq)","Cereals excluding rice","1976","gigagrams","10405.7712"
"Emissions intensities","India","Emissions (CO2eq)","Cereals excluding rice","1977","gigagrams","11151.3229"
"Emissions intensities","India","Emissions (CO2eq)","Cereals excluding rice","1978","gigagrams","12219.486"
"Emissions intensities","India","Emissions (CO2eq)","Cereals excluding rice","1979","gigagrams","12490.8319"
"Emissions intensities","India","Emissions (CO2eq)","Cereals excluding rice","1980","gigagrams","12534.1072"
"Emissions intensities","India","Emissions (CO2eq)","Cereals excluding rice","1981","gigagrams","13681.0122"
"Emissions intensities","India","Emissions (CO2eq)","Cereals excluding rice","1982","gigagrams","13474.1621"
"Emissions intensities","India","Emissions (CO2eq)","Cereals excluding rice","1983","gigagrams","15233.7601"
"Emissions intensities","India","Emissions (CO2eq)","Cereals excluding rice","1984","gigagrams","16382.0803"
"Emissions intensities","India","Emissions (CO2eq)","Cereals excluding rice","1985","gigagrams","16591.2363"
"Emissions intensities","India","Emissions (CO2eq)","Cereals excluding rice","1986","gigagrams","18114.302"
"Emissions intensities","India","Emissions (CO2eq)","Cereals excluding rice","1987","gigagrams","16479.4828"
"Emissions intensities","India","Emissions (CO2eq)","Cereals excluding rice","1988","gigagrams","19211.7768"
"Emissions intensities","India","Emissions (CO2eq)","Cereals excluding rice","1989","gigagrams","19967.2353"
"Emissions intensities","India","Emissions (CO2eq)","Cereals excluding rice","1990","gigagrams","20143.841"
"Emissions intensities","India","Emissions (CO2eq)","Cereals excluding rice","1991","gigagrams","20854.5286"
"Emissions intensities","India","Emissions (CO2eq)","Cereals excluding rice","1992","gigagrams","22065.7078"
"Emissions intensities","India","Emissions (CO2eq)","Cereals excluding rice","1993","gigagrams","22446.1861"
"Emissions intensities","India","Emissions (CO2eq)","Cereals excluding rice","1994","gigagrams","23736.3707"
"Emissions intensities","India","Emissions (CO2eq)","Cereals excluding rice","1995","gigagrams","24590.2827"
"Emissions intensities","India","Emissions (CO2eq)","Cereals excluding rice","1996","gigagrams","25409.7918"
"Emissions intensities","India","Emissions (CO2eq)","Cereals excluding rice","1997","gigagrams","26685.4476"
"Emissions intensities","India","Emissions (CO2eq)","Cereals excluding rice","1998","gigagrams","27221.6541"
"Emissions intensities","India","Emissions (CO2eq)","Cereals excluding rice","1999","gigagrams","27946.3332"
"Emissions intensities","India","Emissions (CO2eq)","Cereals excluding rice","2000","gigagrams","27295.0501"
"Emissions intensities","India","Emissions (CO2eq)","Cereals excluding rice","2001","gigagrams","27471.9237"
"Emissions intensities","India","Emissions (CO2eq)","Cereals excluding rice","2002","gigagrams","25914.761"
"Emissions intensities","India","Emissions (CO2eq)","Cereals excluding rice","2003","gigagrams","27128.5934"
"Emissions intensities","India","Emissions (CO2eq)","Cereals excluding rice","2004","gigagrams","28361.6904"
"Emissions intensities","India","Emissions (CO2eq)","Cereals excluding rice","2005","gigagrams","29743.3588"
"Emissions intensities","India","Emissions (CO2eq)","Cereals excluding rice","2006","gigagrams","31484.3909"
"Emissions intensities","India","Emissions (CO2eq)","Cereals excluding rice","2007","gigagrams","33389.8183"
"Emissions intensities","India","Emissions (CO2eq)","Cereals excluding rice","2008","gigagrams","34230.3549"
"Emissions intensities","India","Emissions (CO2eq)","Cereals excluding rice","2009","gigagrams","35169.9188"
"Emissions intensities","India","Emissions (CO2eq)","Cereals excluding rice","2010","gigagrams","37165.0235"
"Emissions intensities","India","Emissions (CO2eq)","Cereals excluding rice","2011","gigagrams","39076.1827"
"Emissions intensities","India","Emissions (CO2eq)","Cereals excluding rice","2012","gigagrams","38579.5247"
"Emissions intensities","India","Emissions (CO2eq)","Cereals excluding rice","2013","gigagrams","38500.8478"
"Emissions intensities","India","Emissions (CO2eq)","Cereals excluding rice","2014","gigagrams","39032.7974"
"Emissions intensities","India","Emissions (CO2eq)","Cereals excluding rice","2015","gigagrams","38996.8584"
"Emissions intensities","India","Emissions (CO2eq)","Cereals excluding rice","2016","gigagrams","38411.9764"
"Emissions intensities","India","Emissions (CO2eq)","Cereals excluding rice","2017","gigagrams","39402.8922"
"Emissions intensities","India","Emissions (CO2eq)","Meat, cattle","1961","gigagrams","111053.5911"
"Emissions intensities","India","Emissions (CO2eq)","Meat, cattle","1962","gigagrams","111603.3706"
"Emissions intensities","India","Emissions (CO2eq)","Meat, cattle","1963","gigagrams","112263.535"
"Emissions intensities","India","Emissions (CO2eq)","Meat, cattle","1964","gigagrams","114398.8308"
"Emissions intensities","India","Emissions (CO2eq)","Meat, cattle","1965","gigagrams","115115.6154"
"Emissions intensities","India","Emissions (CO2eq)","Meat, cattle","1966","gigagrams","111272.2161"
"Emissions intensities","India","Emissions (CO2eq)","Meat, cattle","1967","gigagrams","113208.9683"
"Emissions intensities","India","Emissions (CO2eq)","Meat, cattle","1968","gigagrams","112495.0508"
"Emissions intensities","India","Emissions (CO2eq)","Meat, cattle","1969","gigagrams","112489.3165"
"Emissions intensities","India","Emissions (CO2eq)","Meat, cattle","1970","gigagrams","113873.4219"
"Emissions intensities","India","Emissions (CO2eq)","Meat, cattle","1971","gigagrams","113042.6742"
"Emissions intensities","India","Emissions (CO2eq)","Meat, cattle","1972","gigagrams","112069.2807"
"Emissions intensities","India","Emissions (CO2eq)","Meat, cattle","1973","gigagrams","113854.797"
"Emissions intensities","India","Emissions (CO2eq)","Meat, cattle","1974","gigagrams","113237.6397"
"Emissions intensities","India","Emissions (CO2eq)","Meat, cattle","1975","gigagrams","113507.8732"
"Emissions intensities","India","Emissions (CO2eq)","Meat, cattle","1976","gigagrams","113287.8146"
"Emissions intensities","India","Emissions (CO2eq)","Meat, cattle","1977","gigagrams","112605.4356"
"Emissions intensities","India","Emissions (CO2eq)","Meat, cattle","1978","gigagrams","113604.6334"
"Emissions intensities","India","Emissions (CO2eq)","Meat, cattle","1979","gigagrams","114040.4385"
"Emissions intensities","India","Emissions (CO2eq)","Meat, cattle","1980","gigagrams","115545.6862"
"Emissions intensities","India","Emissions (CO2eq)","Meat, cattle","1981","gigagrams","116979.2556"
"Emissions intensities","India","Emissions (CO2eq)","Meat, cattle","1982","gigagrams","119597.6756"
"Emissions intensities","India","Emissions (CO2eq)","Meat, cattle","1983","gigagrams","119700.8926"
"Emissions intensities","India","Emissions (CO2eq)","Meat, cattle","1984","gigagrams","119956.779"
"Emissions intensities","India","Emissions (CO2eq)","Meat, cattle","1985","gigagrams","121007.5853"
"Emissions intensities","India","Emissions (CO2eq)","Meat, cattle","1986","gigagrams","121491.4207"
"Emissions intensities","India","Emissions (CO2eq)","Meat, cattle","1987","gigagrams","121765.2324"
"Emissions intensities","India","Emissions (CO2eq)","Meat, cattle","1988","gigagrams","122319.3012"
"Emissions intensities","India","Emissions (CO2eq)","Meat, cattle","1989","gigagrams","122856.8897"
"Emissions intensities","India","Emissions (CO2eq)","Meat, cattle","1990","gigagrams","123358.639"
"Emissions intensities","India","Emissions (CO2eq)","Meat, cattle","1991","gigagrams","123860.3882"
"Emissions intensities","India","Emissions (CO2eq)","Meat, cattle","1992","gigagrams","124019.5144"
"Emissions intensities","India","Emissions (CO2eq)","Meat, cattle","1993","gigagrams","123239.6527"
"Emissions intensities","India","Emissions (CO2eq)","Meat, cattle","1994","gigagrams","122090.1022"
"Emissions intensities","India","Emissions (CO2eq)","Meat, cattle","1995","gigagrams","121097.2909"
"Emissions intensities","India","Emissions (CO2eq)","Meat, cattle","1996","gigagrams","120088.7606"
"Emissions intensities","India","Emissions (CO2eq)","Meat, cattle","1997","gigagrams","118693.0877"
"Emissions intensities","India","Emissions (CO2eq)","Meat, cattle","1998","gigagrams","116925.5024"
"Emissions intensities","India","Emissions (CO2eq)","Meat, cattle","1999","gigagrams","115253.2381"
"Emissions intensities","India","Emissions (CO2eq)","Meat, cattle","2000","gigagrams","113998.1482"
"Emissions intensities","India","Emissions (CO2eq)","Meat, cattle","2001","gigagrams","111497.2865"
"Emissions intensities","India","Emissions (CO2eq)","Meat, cattle","2002","gigagrams","109511.793"
"Emissions intensities","India","Emissions (CO2eq)","Meat, cattle","2003","gigagrams","107071.8523"
"Emissions intensities","India","Emissions (CO2eq)","Meat, cattle","2004","gigagrams","109340.4815"
"Emissions intensities","India","Emissions (CO2eq)","Meat, cattle","2005","gigagrams","111413.417"
"Emissions intensities","India","Emissions (CO2eq)","Meat, cattle","2006","gigagrams","114009.6225"
"Emissions intensities","India","Emissions (CO2eq)","Meat, cattle","2007","gigagrams","114216.7732"
"Emissions intensities","India","Emissions (CO2eq)","Meat, cattle","2008","gigagrams","112479.9925"
"Emissions intensities","India","Emissions (CO2eq)","Meat, cattle","2009","gigagrams","110638.5842"
"Emissions intensities","India","Emissions (CO2eq)","Meat, cattle","2010","gigagrams","108542.6944"
"Emissions intensities","India","Emissions (CO2eq)","Meat, cattle","2011","gigagrams","106684.8001"
"Emissions intensities","India","Emissions (CO2eq)","Meat, cattle","2012","gigagrams","104930.661"
"Emissions intensities","India","Emissions (CO2eq)","Meat, cattle","2013","gigagrams","103366.6147"
"Emissions intensities","India","Emissions (CO2eq)","Meat, cattle","2014","gigagrams","101103.0776"
"Emissions intensities","India","Emissions (CO2eq)","Meat, cattle","2015","gigagrams","98808.27"
"Emissions intensities","India","Emissions (CO2eq)","Meat, cattle","2016","gigagrams","98137.7165"
"Emissions intensities","India","Emissions (CO2eq)","Meat, cattle","2017","gigagrams","96191.3122"
"Emissions intensities","India","Emissions (CO2eq)","Milk, whole fresh cow","1961","gigagrams","34606.5428"
"Emissions intensities","India","Emissions (CO2eq)","Milk, whole fresh cow","1962","gigagrams","30475.5811"
"Emissions intensities","India","Emissions (CO2eq)","Milk, whole fresh cow","1963","gigagrams","29052.271"
"Emissions intensities","India","Emissions (CO2eq)","Milk, whole fresh cow","1964","gigagrams","27126.6162"
"Emissions intensities","India","Emissions (CO2eq)","Milk, whole fresh cow","1965","gigagrams","25619.5819"
"Emissions intensities","India","Emissions (CO2eq)","Milk, whole fresh cow","1966","gigagrams","35120.5955"
"Emissions intensities","India","Emissions (CO2eq)","Milk, whole fresh cow","1967","gigagrams","30884.1548"
"Emissions intensities","India","Emissions (CO2eq)","Milk, whole fresh cow","1968","gigagrams","33132.9982"
"Emissions intensities","India","Emissions (CO2eq)","Milk, whole fresh cow","1969","gigagrams","33740.8219"
"Emissions intensities","India","Emissions (CO2eq)","Milk, whole fresh cow","1970","gigagrams","31103.5254"
"Emissions intensities","India","Emissions (CO2eq)","Milk, whole fresh cow","1971","gigagrams","33667.1447"
"Emissions intensities","India","Emissions (CO2eq)","Milk, whole fresh cow","1972","gigagrams","36895.5469"
"Emissions intensities","India","Emissions (CO2eq)","Milk, whole fresh cow","1973","gigagrams","32635.6635"
"Emissions intensities","India","Emissions (CO2eq)","Milk, whole fresh cow","1974","gigagrams","34494.3391"
"Emissions intensities","India","Emissions (CO2eq)","Milk, whole fresh cow","1975","gigagrams","35331.5803"
"Emissions intensities","India","Emissions (CO2eq)","Milk, whole fresh cow","1976","gigagrams","37340.9593"
"Emissions intensities","India","Emissions (CO2eq)","Milk, whole fresh cow","1977","gigagrams","38827.8997"
"Emissions intensities","India","Emissions (CO2eq)","Milk, whole fresh cow","1978","gigagrams","39350.3383"
"Emissions intensities","India","Emissions (CO2eq)","Milk, whole fresh cow","1979","gigagrams","42196.9585"
"Emissions intensities","India","Emissions (CO2eq)","Milk, whole fresh cow","1980","gigagrams","42364.4067"
"Emissions intensities","India","Emissions (CO2eq)","Milk, whole fresh cow","1981","gigagrams","42699.3032"
"Emissions intensities","India","Emissions (CO2eq)","Milk, whole fresh cow","1982","gigagrams","42866.7515"
"Emissions intensities","India","Emissions (CO2eq)","Milk, whole fresh cow","1983","gigagrams","44876.1304"
"Emissions intensities","India","Emissions (CO2eq)","Milk, whole fresh cow","1984","gigagrams","46550.6129"
"Emissions intensities","India","Emissions (CO2eq)","Milk, whole fresh cow","1985","gigagrams","46383.1647"
"Emissions intensities","India","Emissions (CO2eq)","Milk, whole fresh cow","1986","gigagrams","47555.3024"
"Emissions intensities","India","Emissions (CO2eq)","Milk, whole fresh cow","1987","gigagrams","49929.7186"
"Emissions intensities","India","Emissions (CO2eq)","Milk, whole fresh cow","1988","gigagrams","50234.4744"
"Emissions intensities","India","Emissions (CO2eq)","Milk, whole fresh cow","1989","gigagrams","50569.3709"
"Emissions intensities","India","Emissions (CO2eq)","Milk, whole fresh cow","1990","gigagrams","50904.2674"
"Emissions intensities","India","Emissions (CO2eq)","Milk, whole fresh cow","1991","gigagrams","51406.6121"
"Emissions intensities","India","Emissions (CO2eq)","Milk, whole fresh cow","1992","gigagrams","52850.016"
"Emissions intensities","India","Emissions (CO2eq)","Milk, whole fresh cow","1993","gigagrams","53081.0946"
"Emissions intensities","India","Emissions (CO2eq)","Milk, whole fresh cow","1994","gigagrams","54175.8042"
"Emissions intensities","India","Emissions (CO2eq)","Milk, whole fresh cow","1995","gigagrams","54904.3548"
"Emissions intensities","India","Emissions (CO2eq)","Milk, whole fresh cow","1996","gigagrams","55669.6268"
"Emissions intensities","India","Emissions (CO2eq)","Milk, whole fresh cow","1997","gigagrams","55745.1962"
"Emissions intensities","India","Emissions (CO2eq)","Milk, whole fresh cow","1998","gigagrams","55944.4596"
"Emissions intensities","India","Emissions (CO2eq)","Milk, whole fresh cow","1999","gigagrams","55967.9024"
"Emissions intensities","India","Emissions (CO2eq)","Milk, whole fresh cow","2000","gigagrams","55062.0074"
"Emissions intensities","India","Emissions (CO2eq)","Milk, whole fresh cow","2001","gigagrams","57113.2484"
"Emissions intensities","India","Emissions (CO2eq)","Milk, whole fresh cow","2002","gigagrams","58004.0731"
"Emissions intensities","India","Emissions (CO2eq)","Milk, whole fresh cow","2003","gigagrams","59951.4962"
"Emissions intensities","India","Emissions (CO2eq)","Milk, whole fresh cow","2004","gigagrams","60326.5803"
"Emissions intensities","India","Emissions (CO2eq)","Milk, whole fresh cow","2005","gigagrams","61262.616"
"Emissions intensities","India","Emissions (CO2eq)","Milk, whole fresh cow","2006","gigagrams","61081.7719"
"Emissions intensities","India","Emissions (CO2eq)","Milk, whole fresh cow","2007","gigagrams","66525.5144"
"Emissions intensities","India","Emissions (CO2eq)","Milk, whole fresh cow","2008","gigagrams","67853.379"
"Emissions intensities","India","Emissions (CO2eq)","Milk, whole fresh cow","2009","gigagrams","69425.7181"
"Emissions intensities","India","Emissions (CO2eq)","Milk, whole fresh cow","2010","gigagrams","71592.4984"
"Emissions intensities","India","Emissions (CO2eq)","Milk, whole fresh cow","2011","gigagrams","73203.3505"
"Emissions intensities","India","Emissions (CO2eq)","Milk, whole fresh cow","2012","gigagrams","74536.7912"
"Emissions intensities","India","Emissions (CO2eq)","Milk, whole fresh cow","2013","gigagrams","75002.1734"
"Emissions intensities","India","Emissions (CO2eq)","Milk, whole fresh cow","2014","gigagrams","76941.0633"
"Emissions intensities","India","Emissions (CO2eq)","Milk, whole fresh cow","2015","gigagrams","78982.5087"
"Emissions intensities","India","Emissions (CO2eq)","Milk, whole fresh cow","2016","gigagrams","82264.4273"
"Emissions intensities","India","Emissions (CO2eq)","Milk, whole fresh cow","2017","gigagrams","85239.8487"
"Emissions intensities","India","Emissions (CO2eq)","Meat, goat","1961","gigagrams","11919.3536"
"Emissions intensities","India","Emissions (CO2eq)","Meat, goat","1962","gigagrams","12066.644"
"Emissions intensities","India","Emissions (CO2eq)","Meat, goat","1963","gigagrams","12224.2404"
"Emissions intensities","India","Emissions (CO2eq)","Meat, goat","1964","gigagrams","12382.2662"
"Emissions intensities","India","Emissions (CO2eq)","Meat, goat","1965","gigagrams","12517.5328"
"Emissions intensities","India","Emissions (CO2eq)","Meat, goat","1966","gigagrams","12643.9981"
"Emissions intensities","India","Emissions (CO2eq)","Meat, goat","1967","gigagrams","12681.9999"
"Emissions intensities","India","Emissions (CO2eq)","Meat, goat","1968","gigagrams","12678.3498"
"Emissions intensities","India","Emissions (CO2eq)","Meat, goat","1969","gigagrams","12782.9131"
"Emissions intensities","India","Emissions (CO2eq)","Meat, goat","1970","gigagrams","12888.1205"
"Emissions intensities","India","Emissions (CO2eq)","Meat, goat","1971","gigagrams","12888.1205"
"Emissions intensities","India","Emissions (CO2eq)","Meat, goat","1972","gigagrams","12993.7573"
"Emissions intensities","India","Emissions (CO2eq)","Meat, goat","1973","gigagrams","13311.956"
"Emissions intensities","India","Emissions (CO2eq)","Meat, goat","1974","gigagrams","13634.0194"
"Emissions intensities","India","Emissions (CO2eq)","Meat, goat","1975","gigagrams","13848.7284"
"Emissions intensities","India","Emissions (CO2eq)","Meat, goat","1976","gigagrams","14170.7919"
"Emissions intensities","India","Emissions (CO2eq)","Meat, goat","1977","gigagrams","14411.2659"
"Emissions intensities","India","Emissions (CO2eq)","Meat, goat","1978","gigagrams","15136.9822"
"Emissions intensities","India","Emissions (CO2eq)","Meat, goat","1979","gigagrams","15888.4636"
"Emissions intensities","India","Emissions (CO2eq)","Meat, goat","1980","gigagrams","16618.4741"
"Emissions intensities","India","Emissions (CO2eq)","Meat, goat","1981","gigagrams","17284.0719"
"Emissions intensities","India","Emissions (CO2eq)","Meat, goat","1982","gigagrams","18132.8181"
"Emissions intensities","India","Emissions (CO2eq)","Meat, goat","1983","gigagrams","18529.3839"
"Emissions intensities","India","Emissions (CO2eq)","Meat, goat","1984","gigagrams","18664.6505"
"Emissions intensities","India","Emissions (CO2eq)","Meat, goat","1985","gigagrams","18527.2368"
"Emissions intensities","India","Emissions (CO2eq)","Meat, goat","1986","gigagrams","19081.1859"
"Emissions intensities","India","Emissions (CO2eq)","Meat, goat","1987","gigagrams","20656.5056"
"Emissions intensities","India","Emissions (CO2eq)","Meat, goat","1988","gigagrams","20655.0027"
"Emissions intensities","India","Emissions (CO2eq)","Meat, goat","1989","gigagrams","20869.7116"
"Emissions intensities","India","Emissions (CO2eq)","Meat, goat","1990","gigagrams","19194.9817"
"Emissions intensities","India","Emissions (CO2eq)","Meat, goat","1991","gigagrams","19495.5742"
"Emissions intensities","India","Emissions (CO2eq)","Meat, goat","1992","gigagrams","20007.011"
"Emissions intensities","India","Emissions (CO2eq)","Meat, goat","1993","gigagrams","19860.5795"
"Emissions intensities","India","Emissions (CO2eq)","Meat, goat","1994","gigagrams","19952.4964"
"Emissions intensities","India","Emissions (CO2eq)","Meat, goat","1995","gigagrams","20497.0198"
"Emissions intensities","India","Emissions (CO2eq)","Meat, goat","1996","gigagrams","21032.4396"
"Emissions intensities","India","Emissions (CO2eq)","Meat, goat","1997","gigagrams","21563.6081"
"Emissions intensities","India","Emissions (CO2eq)","Meat, goat","1998","gigagrams","21576.3189"
"Emissions intensities","India","Emissions (CO2eq)","Meat, goat","1999","gigagrams","20106.8507"
"Emissions intensities","India","Emissions (CO2eq)","Meat, goat","2000","gigagrams","20782.9692"
"Emissions intensities","India","Emissions (CO2eq)","Meat, goat","2001","gigagrams","20369.8692"
"Emissions intensities","India","Emissions (CO2eq)","Meat, goat","2002","gigagrams","19823.0054"
"Emissions intensities","India","Emissions (CO2eq)","Meat, goat","2003","gigagrams","19949.2543"
"Emissions intensities","India","Emissions (CO2eq)","Meat, goat","2004","gigagrams","21473.2585"
"Emissions intensities","India","Emissions (CO2eq)","Meat, goat","2005","gigagrams","22005.0927"
"Emissions intensities","India","Emissions (CO2eq)","Meat, goat","2006","gigagrams","23016.5866"
"Emissions intensities","India","Emissions (CO2eq)","Meat, goat","2007","gigagrams","23464.0401"
"Emissions intensities","India","Emissions (CO2eq)","Meat, goat","2008","gigagrams","23426.6825"
"Emissions intensities","India","Emissions (CO2eq)","Meat, goat","2009","gigagrams","22946.3768"
"Emissions intensities","India","Emissions (CO2eq)","Meat, goat","2010","gigagrams","22935.4249"
"Emissions intensities","India","Emissions (CO2eq)","Meat, goat","2011","gigagrams","22621.5221"
"Emissions intensities","India","Emissions (CO2eq)","Meat, goat","2012","gigagrams","22182.2089"
"Emissions intensities","India","Emissions (CO2eq)","Meat, goat","2013","gigagrams","22133.9363"
"Emissions intensities","India","Emissions (CO2eq)","Meat, goat","2014","gigagrams","21915.6041"
"Emissions intensities","India","Emissions (CO2eq)","Meat, goat","2015","gigagrams","21378.109"
"Emissions intensities","India","Emissions (CO2eq)","Meat, goat","2016","gigagrams","21388.0661"
"Emissions intensities","India","Emissions (CO2eq)","Meat, goat","2017","gigagrams","20872.3538"
"Emissions intensities","India","Emissions (CO2eq)","Meat, buffalo","1961","gigagrams","59011.435"
"Emissions intensities","India","Emissions (CO2eq)","Meat, buffalo","1962","gigagrams","59310.0918"
"Emissions intensities","India","Emissions (CO2eq)","Meat, buffalo","1963","gigagrams","58874.4922"
"Emissions intensities","India","Emissions (CO2eq)","Meat, buffalo","1964","gigagrams","60085.325"
"Emissions intensities","India","Emissions (CO2eq)","Meat, buffalo","1965","gigagrams","60450.8631"
"Emissions intensities","India","Emissions (CO2eq)","Meat, buffalo","1966","gigagrams","60970.244"
"Emissions intensities","India","Emissions (CO2eq)","Meat, buffalo","1967","gigagrams","63070.5528"
"Emissions intensities","India","Emissions (CO2eq)","Meat, buffalo","1968","gigagrams","63373.657"
"Emissions intensities","India","Emissions (CO2eq)","Meat, buffalo","1969","gigagrams","64218.9517"
"Emissions intensities","India","Emissions (CO2eq)","Meat, buffalo","1970","gigagrams","64910.4279"
"Emissions intensities","India","Emissions (CO2eq)","Meat, buffalo","1971","gigagrams","63932.6135"
"Emissions intensities","India","Emissions (CO2eq)","Meat, buffalo","1972","gigagrams","64511.3821"
"Emissions intensities","India","Emissions (CO2eq)","Meat, buffalo","1973","gigagrams","66328.4233"
"Emissions intensities","India","Emissions (CO2eq)","Meat, buffalo","1974","gigagrams","67563.6253"
"Emissions intensities","India","Emissions (CO2eq)","Meat, buffalo","1975","gigagrams","67959.6249"
"Emissions intensities","India","Emissions (CO2eq)","Meat, buffalo","1976","gigagrams","68127.1632"
"Emissions intensities","India","Emissions (CO2eq)","Meat, buffalo","1977","gigagrams","68645.0088"
"Emissions intensities","India","Emissions (CO2eq)","Meat, buffalo","1978","gigagrams","72087.1592"
"Emissions intensities","India","Emissions (CO2eq)","Meat, buffalo","1979","gigagrams","72620.2356"
"Emissions intensities","India","Emissions (CO2eq)","Meat, buffalo","1980","gigagrams","73214.235"
"Emissions intensities","India","Emissions (CO2eq)","Meat, buffalo","1981","gigagrams","74021.465"
"Emissions intensities","India","Emissions (CO2eq)","Meat, buffalo","1982","gigagrams","76951.8621"
"Emissions intensities","India","Emissions (CO2eq)","Meat, buffalo","1983","gigagrams","78930.3492"
"Emissions intensities","India","Emissions (CO2eq)","Meat, buffalo","1984","gigagrams","79041.5216"
"Emissions intensities","India","Emissions (CO2eq)","Meat, buffalo","1985","gigagrams","80342.228"
"Emissions intensities","India","Emissions (CO2eq)","Meat, buffalo","1986","gigagrams","82482.1611"
"Emissions intensities","India","Emissions (CO2eq)","Meat, buffalo","1987","gigagrams","80444.274"
"Emissions intensities","India","Emissions (CO2eq)","Meat, buffalo","1988","gigagrams","81438.8423"
"Emissions intensities","India","Emissions (CO2eq)","Meat, buffalo","1989","gigagrams","81027.6119"
"Emissions intensities","India","Emissions (CO2eq)","Meat, buffalo","1990","gigagrams","83266.5328"
"Emissions intensities","India","Emissions (CO2eq)","Meat, buffalo","1991","gigagrams","83314.994"
"Emissions intensities","India","Emissions (CO2eq)","Meat, buffalo","1992","gigagrams","88816.6196"
"Emissions intensities","India","Emissions (CO2eq)","Meat, buffalo","1993","gigagrams","90193.4797"
"Emissions intensities","India","Emissions (CO2eq)","Meat, buffalo","1994","gigagrams","90462.5493"
"Emissions intensities","India","Emissions (CO2eq)","Meat, buffalo","1995","gigagrams","91273.4194"
"Emissions intensities","India","Emissions (CO2eq)","Meat, buffalo","1996","gigagrams","92086.2787"
"Emissions intensities","India","Emissions (CO2eq)","Meat, buffalo","1997","gigagrams","93681.3224"
"Emissions intensities","India","Emissions (CO2eq)","Meat, buffalo","1998","gigagrams","93827.5377"
"Emissions intensities","India","Emissions (CO2eq)","Meat, buffalo","1999","gigagrams","96485.3043"
"Emissions intensities","India","Emissions (CO2eq)","Meat, buffalo","2000","gigagrams","98177.441"
"Emissions intensities","India","Emissions (CO2eq)","Meat, buffalo","2001","gigagrams","98675.4867"
"Emissions intensities","India","Emissions (CO2eq)","Meat, buffalo","2002","gigagrams","99986.8546"
"Emissions intensities","India","Emissions (CO2eq)","Meat, buffalo","2003","gigagrams","101930.2989"
"Emissions intensities","India","Emissions (CO2eq)","Meat, buffalo","2004","gigagrams","102876.1287"
"Emissions intensities","India","Emissions (CO2eq)","Meat, buffalo","2005","gigagrams","104157.0351"
"Emissions intensities","India","Emissions (CO2eq)","Meat, buffalo","2006","gigagrams","105884.2026"
"Emissions intensities","India","Emissions (CO2eq)","Meat, buffalo","2007","gigagrams","106968.6323"
"Emissions intensities","India","Emissions (CO2eq)","Meat, buffalo","2008","gigagrams","107580.9086"
"Emissions intensities","India","Emissions (CO2eq)","Meat, buffalo","2009","gigagrams","107417.9396"
"Emissions intensities","India","Emissions (CO2eq)","Meat, buffalo","2010","gigagrams","106986.9092"
"Emissions intensities","India","Emissions (CO2eq)","Meat, buffalo","2011","gigagrams","106417.279"
"Emissions intensities","India","Emissions (CO2eq)","Meat, buffalo","2012","gigagrams","106711.5098"
"Emissions intensities","India","Emissions (CO2eq)","Meat, buffalo","2013","gigagrams","106788.6033"
"Emissions intensities","India","Emissions (CO2eq)","Meat, buffalo","2014","gigagrams","107033.7742"
"Emissions intensities","India","Emissions (CO2eq)","Meat, buffalo","2015","gigagrams","105756.1348"
"Emissions intensities","India","Emissions (CO2eq)","Meat, buffalo","2016","gigagrams","106614.2446"
"Emissions intensities","India","Emissions (CO2eq)","Meat, buffalo","2017","gigagrams","106831.6637"
"Emissions intensities","India","Emissions (CO2eq)","Milk, whole fresh buffalo","1961","gigagrams","18982.0889"
"Emissions intensities","India","Emissions (CO2eq)","Milk, whole fresh buffalo","1962","gigagrams","19190.7502"
"Emissions intensities","India","Emissions (CO2eq)","Milk, whole fresh buffalo","1963","gigagrams","19343.0577"
"Emissions intensities","India","Emissions (CO2eq)","Milk, whole fresh buffalo","1964","gigagrams","19419.2115"
"Emissions intensities","India","Emissions (CO2eq)","Milk, whole fresh buffalo","1965","gigagrams","19571.519"
"Emissions intensities","India","Emissions (CO2eq)","Milk, whole fresh buffalo","1966","gigagrams","19684.2266"
"Emissions intensities","India","Emissions (CO2eq)","Milk, whole fresh buffalo","1967","gigagrams","18956.1966"
"Emissions intensities","India","Emissions (CO2eq)","Milk, whole fresh buffalo","1968","gigagrams","19799.9804"
"Emissions intensities","India","Emissions (CO2eq)","Milk, whole fresh buffalo","1969","gigagrams","20104.5954"
"Emissions intensities","India","Emissions (CO2eq)","Milk, whole fresh buffalo","1970","gigagrams","20561.5181"
"Emissions intensities","India","Emissions (CO2eq)","Milk, whole fresh buffalo","1971","gigagrams","22693.8236"
"Emissions intensities","India","Emissions (CO2eq)","Milk, whole fresh buffalo","1972","gigagrams","22952.7465"
"Emissions intensities","India","Emissions (CO2eq)","Milk, whole fresh buffalo","1973","gigagrams","22998.4387"
"Emissions intensities","India","Emissions (CO2eq)","Milk, whole fresh buffalo","1974","gigagrams","23150.7463"
"Emissions intensities","India","Emissions (CO2eq)","Milk, whole fresh buffalo","1975","gigagrams","23303.0538"
"Emissions intensities","India","Emissions (CO2eq)","Milk, whole fresh buffalo","1976","gigagrams","24673.8217"
"Emissions intensities","India","Emissions (CO2eq)","Milk, whole fresh buffalo","1977","gigagrams","25829.8481"
"Emissions intensities","India","Emissions (CO2eq)","Milk, whole fresh buffalo","1978","gigagrams","24369.2066"
"Emissions intensities","India","Emissions (CO2eq)","Milk, whole fresh buffalo","1979","gigagrams","25892.282"
"Emissions intensities","India","Emissions (CO2eq)","Milk, whole fresh buffalo","1980","gigagrams","27415.3574"
"Emissions intensities","India","Emissions (CO2eq)","Milk, whole fresh buffalo","1981","gigagrams","28786.1253"
"Emissions intensities","India","Emissions (CO2eq)","Milk, whole fresh buffalo","1982","gigagrams","29334.4324"
"Emissions intensities","India","Emissions (CO2eq)","Milk, whole fresh buffalo","1983","gigagrams","30080.7394"
"Emissions intensities","India","Emissions (CO2eq)","Milk, whole fresh buffalo","1984","gigagrams","32746.1214"
"Emissions intensities","India","Emissions (CO2eq)","Milk, whole fresh buffalo","1985","gigagrams","34269.1968"
"Emissions intensities","India","Emissions (CO2eq)","Milk, whole fresh buffalo","1986","gigagrams","35030.7345"
"Emissions intensities","India","Emissions (CO2eq)","Milk, whole fresh buffalo","1987","gigagrams","35259.1958"
"Emissions intensities","India","Emissions (CO2eq)","Milk, whole fresh buffalo","1988","gigagrams","36553.8099"
"Emissions intensities","India","Emissions (CO2eq)","Milk, whole fresh buffalo","1989","gigagrams","39295.3456"
"Emissions intensities","India","Emissions (CO2eq)","Milk, whole fresh buffalo","1990","gigagrams","39447.6532"
"Emissions intensities","India","Emissions (CO2eq)","Milk, whole fresh buffalo","1991","gigagrams","41820.8819"
"Emissions intensities","India","Emissions (CO2eq)","Milk, whole fresh buffalo","1992","gigagrams","39435.4686"
"Emissions intensities","India","Emissions (CO2eq)","Milk, whole fresh buffalo","1993","gigagrams","39752.2682"
"Emissions intensities","India","Emissions (CO2eq)","Milk, whole fresh buffalo","1994","gigagrams","41198.1816"
"Emissions intensities","India","Emissions (CO2eq)","Milk, whole fresh buffalo","1995","gigagrams","42125.1405"
"Emissions intensities","India","Emissions (CO2eq)","Milk, whole fresh buffalo","1996","gigagrams","43072.9565"
"Emissions intensities","India","Emissions (CO2eq)","Milk, whole fresh buffalo","1997","gigagrams","43270.5724"
"Emissions intensities","India","Emissions (CO2eq)","Milk, whole fresh buffalo","1998","gigagrams","45083.0322"
"Emissions intensities","India","Emissions (CO2eq)","Milk, whole fresh buffalo","1999","gigagrams","44411.3559"
"Emissions intensities","India","Emissions (CO2eq)","Milk, whole fresh buffalo","2000","gigagrams","44734.2479"
"Emissions intensities","India","Emissions (CO2eq)","Milk, whole fresh buffalo","2001","gigagrams","46280.1695"
"Emissions intensities","India","Emissions (CO2eq)","Milk, whole fresh buffalo","2002","gigagrams","47041.7072"
"Emissions intensities","India","Emissions (CO2eq)","Milk, whole fresh buffalo","2003","gigagrams","47212.2916"
"Emissions intensities","India","Emissions (CO2eq)","Milk, whole fresh buffalo","2004","gigagrams","49011.0437"
"Emissions intensities","India","Emissions (CO2eq)","Milk, whole fresh buffalo","2005","gigagrams","50524.9806"
"Emissions intensities","India","Emissions (CO2eq)","Milk, whole fresh buffalo","2006","gigagrams","51642.918"
"Emissions intensities","India","Emissions (CO2eq)","Milk, whole fresh buffalo","2007","gigagrams","53472.1316"
"Emissions intensities","India","Emissions (CO2eq)","Milk, whole fresh buffalo","2008","gigagrams","53886.4081"
"Emissions intensities","India","Emissions (CO2eq)","Milk, whole fresh buffalo","2009","gigagrams","55083.5453"
"Emissions intensities","India","Emissions (CO2eq)","Milk, whole fresh buffalo","2010","gigagrams","56553.3131"
"Emissions intensities","India","Emissions (CO2eq)","Milk, whole fresh buffalo","2011","gigagrams","58170.8192"
"Emissions intensities","India","Emissions (CO2eq)","Milk, whole fresh buffalo","2012","gigagrams","58850.0194"
"Emissions intensities","India","Emissions (CO2eq)","Milk, whole fresh buffalo","2013","gigagrams","59835.8468"
"Emissions intensities","India","Emissions (CO2eq)","Milk, whole fresh buffalo","2014","gigagrams","60504.521"
"Emissions intensities","India","Emissions (CO2eq)","Milk, whole fresh buffalo","2015","gigagrams","62735.5981"
"Emissions intensities","India","Emissions (CO2eq)","Milk, whole fresh buffalo","2016","gigagrams","64836.4978"
"Emissions intensities","India","Emissions (CO2eq)","Milk, whole fresh buffalo","2017","gigagrams","65777.9716"
"Emissions intensities","India","Emissions (CO2eq)","Meat, sheep","1961","gigagrams","7895.0415"
"Emissions intensities","India","Emissions (CO2eq)","Meat, sheep","1962","gigagrams","7965.1125"
"Emissions intensities","India","Emissions (CO2eq)","Meat, sheep","1963","gigagrams","8035.1851"
"Emissions intensities","India","Emissions (CO2eq)","Meat, sheep","1964","gigagrams","8104.4725"
"Emissions intensities","India","Emissions (CO2eq)","Meat, sheep","1965","gigagrams","8175.1339"
"Emissions intensities","India","Emissions (CO2eq)","Meat, sheep","1966","gigagrams","8246.7783"
"Emissions intensities","India","Emissions (CO2eq)","Meat, sheep","1967","gigagrams","8179.2558"
"Emissions intensities","India","Emissions (CO2eq)","Meat, sheep","1968","gigagrams","8112.3238"
"Emissions intensities","India","Emissions (CO2eq)","Meat, sheep","1969","gigagrams","8045.7843"
"Emissions intensities","India","Emissions (CO2eq)","Meat, sheep","1970","gigagrams","7980.0299"
"Emissions intensities","India","Emissions (CO2eq)","Meat, sheep","1971","gigagrams","7870.8972"
"Emissions intensities","India","Emissions (CO2eq)","Meat, sheep","1972","gigagrams","7849.8967"
"Emissions intensities","India","Emissions (CO2eq)","Meat, sheep","1973","gigagrams","7890.5254"
"Emissions intensities","India","Emissions (CO2eq)","Meat, sheep","1974","gigagrams","7929.7818"
"Emissions intensities","India","Emissions (CO2eq)","Meat, sheep","1975","gigagrams","7957.2612"
"Emissions intensities","India","Emissions (CO2eq)","Meat, sheep","1976","gigagrams","7992.5919"
"Emissions intensities","India","Emissions (CO2eq)","Meat, sheep","1977","gigagrams","8029.2982"
"Emissions intensities","India","Emissions (CO2eq)","Meat, sheep","1978","gigagrams","8285.0517"
"Emissions intensities","India","Emissions (CO2eq)","Meat, sheep","1979","gigagrams","8551.9948"
"Emissions intensities","India","Emissions (CO2eq)","Meat, sheep","1980","gigagrams","8826.7893"
"Emissions intensities","India","Emissions (CO2eq)","Meat, sheep","1981","gigagrams","9111.3978"
"Emissions intensities","India","Emissions (CO2eq)","Meat, sheep","1982","gigagrams","9571.4821"
"Emissions intensities","India","Emissions (CO2eq)","Meat, sheep","1983","gigagrams","9460.7792"
"Emissions intensities","India","Emissions (CO2eq)","Meat, sheep","1984","gigagrams","9323.382"
"Emissions intensities","India","Emissions (CO2eq)","Meat, sheep","1985","gigagrams","9211.5014"
"Emissions intensities","India","Emissions (CO2eq)","Meat, sheep","1986","gigagrams","9093.7324"
"Emissions intensities","India","Emissions (CO2eq)","Meat, sheep","1987","gigagrams","8970.86"
"Emissions intensities","India","Emissions (CO2eq)","Meat, sheep","1988","gigagrams","9162.6273"
"Emissions intensities","India","Emissions (CO2eq)","Meat, sheep","1989","gigagrams","9358.7127"
"Emissions intensities","India","Emissions (CO2eq)","Meat, sheep","1990","gigagrams","9558.9201"
"Emissions intensities","India","Emissions (CO2eq)","Meat, sheep","1991","gigagrams","8454.0917"
"Emissions intensities","India","Emissions (CO2eq)","Meat, sheep","1992","gigagrams","8634.39"
"Emissions intensities","India","Emissions (CO2eq)","Meat, sheep","1993","gigagrams","8862.8753"
"Emissions intensities","India","Emissions (CO2eq)","Meat, sheep","1994","gigagrams","9088.4962"
"Emissions intensities","India","Emissions (CO2eq)","Meat, sheep","1995","gigagrams","9314.2023"
"Emissions intensities","India","Emissions (CO2eq)","Meat, sheep","1996","gigagrams","9557.3893"
"Emissions intensities","India","Emissions (CO2eq)","Meat, sheep","1997","gigagrams","9799.6261"
"Emissions intensities","India","Emissions (CO2eq)","Meat, sheep","1998","gigagrams","9911.2028"
"Emissions intensities","India","Emissions (CO2eq)","Meat, sheep","1999","gigagrams","10024.3618"
"Emissions intensities","India","Emissions (CO2eq)","Meat, sheep","2000","gigagrams","10138.5811"
"Emissions intensities","India","Emissions (CO2eq)","Meat, sheep","2001","gigagrams","10254.2095"
"Emissions intensities","India","Emissions (CO2eq)","Meat, sheep","2002","gigagrams","10371.2471"
"Emissions intensities","India","Emissions (CO2eq)","Meat, sheep","2003","gigagrams","10489.6947"
"Emissions intensities","India","Emissions (CO2eq)","Meat, sheep","2004","gigagrams","10903.943"
"Emissions intensities","India","Emissions (CO2eq)","Meat, sheep","2005","gigagrams","11334.4877"
"Emissions intensities","India","Emissions (CO2eq)","Meat, sheep","2006","gigagrams","11781.8709"
"Emissions intensities","India","Emissions (CO2eq)","Meat, sheep","2007","gigagrams","12248.2074"
"Emissions intensities","India","Emissions (CO2eq)","Meat, sheep","2008","gigagrams","12021.98"
"Emissions intensities","India","Emissions (CO2eq)","Meat, sheep","2009","gigagrams","11799.5033"
"Emissions intensities","India","Emissions (CO2eq)","Meat, sheep","2010","gigagrams","11581.1238"
"Emissions intensities","India","Emissions (CO2eq)","Meat, sheep","2011","gigagrams","11366.8387"
"Emissions intensities","India","Emissions (CO2eq)","Meat, sheep","2012","gigagrams","11113.7852"
"Emissions intensities","India","Emissions (CO2eq)","Meat, sheep","2013","gigagrams","10892.151"
"Emissions intensities","India","Emissions (CO2eq)","Meat, sheep","2014","gigagrams","10752.3568"
"Emissions intensities","India","Emissions (CO2eq)","Meat, sheep","2015","gigagrams","10615.6469"
"Emissions intensities","India","Emissions (CO2eq)","Meat, sheep","2016","gigagrams","10978.777"
"Emissions intensities","India","Emissions (CO2eq)","Meat, sheep","2017","gigagrams","10763.1841"
"Emissions intensities","India","Emissions (CO2eq)","Meat, chicken","1961","gigagrams","302.1762"
"Emissions intensities","India","Emissions (CO2eq)","Meat, chicken","1962","gigagrams","290.1058"
"Emissions intensities","India","Emissions (CO2eq)","Meat, chicken","1963","gigagrams","286.3598"
"Emissions intensities","India","Emissions (CO2eq)","Meat, chicken","1964","gigagrams","289.2733"
"Emissions intensities","India","Emissions (CO2eq)","Meat, chicken","1965","gigagrams","285.5274"
"Emissions intensities","India","Emissions (CO2eq)","Meat, chicken","1966","gigagrams","277.6192"
"Emissions intensities","India","Emissions (CO2eq)","Meat, chicken","1967","gigagrams","303.8411"
"Emissions intensities","India","Emissions (CO2eq)","Meat, chicken","1968","gigagrams","305.9222"
"Emissions intensities","India","Emissions (CO2eq)","Meat, chicken","1969","gigagrams","312.1655"
"Emissions intensities","India","Emissions (CO2eq)","Meat, chicken","1970","gigagrams","318.4088"
"Emissions intensities","India","Emissions (CO2eq)","Meat, chicken","1971","gigagrams","328.8143"
"Emissions intensities","India","Emissions (CO2eq)","Meat, chicken","1972","gigagrams","287.1922"
"Emissions intensities","India","Emissions (CO2eq)","Meat, chicken","1973","gigagrams","287.1922"
"Emissions intensities","India","Emissions (CO2eq)","Meat, chicken","1974","gigagrams","287.1922"
"Emissions intensities","India","Emissions (CO2eq)","Meat, chicken","1975","gigagrams","253.8946"
"Emissions intensities","India","Emissions (CO2eq)","Meat, chicken","1976","gigagrams","233.0836"
"Emissions intensities","India","Emissions (CO2eq)","Meat, chicken","1977","gigagrams","288.4409"
"Emissions intensities","India","Emissions (CO2eq)","Meat, chicken","1978","gigagrams","382.5068"
"Emissions intensities","India","Emissions (CO2eq)","Meat, chicken","1979","gigagrams","437.4479"
"Emissions intensities","India","Emissions (CO2eq)","Meat, chicken","1980","gigagrams","465.3347"
"Emissions intensities","India","Emissions (CO2eq)","Meat, chicken","1981","gigagrams","520.2758"
"Emissions intensities","India","Emissions (CO2eq)","Meat, chicken","1982","gigagrams","451.5994"
"Emissions intensities","India","Emissions (CO2eq)","Meat, chicken","1983","gigagrams","590.2009"
"Emissions intensities","India","Emissions (CO2eq)","Meat, chicken","1984","gigagrams","613.9254"
"Emissions intensities","India","Emissions (CO2eq)","Meat, chicken","1985","gigagrams","678.4396"
"Emissions intensities","India","Emissions (CO2eq)","Meat, chicken","1986","gigagrams","720.8942"
"Emissions intensities","India","Emissions (CO2eq)","Meat, chicken","1987","gigagrams","661.7908"
"Emissions intensities","India","Emissions (CO2eq)","Meat, chicken","1988","gigagrams","668.0341"
"Emissions intensities","India","Emissions (CO2eq)","Meat, chicken","1989","gigagrams","665.953"
"Emissions intensities","India","Emissions (CO2eq)","Meat, chicken","1990","gigagrams","636.8176"
"Emissions intensities","India","Emissions (CO2eq)","Meat, chicken","1991","gigagrams","653.4664"
"Emissions intensities","India","Emissions (CO2eq)","Meat, chicken","1992","gigagrams","724.328"
"Emissions intensities","India","Emissions (CO2eq)","Meat, chicken","1993","gigagrams","732.5483"
"Emissions intensities","India","Emissions (CO2eq)","Meat, chicken","1994","gigagrams","718.9462"
"Emissions intensities","India","Emissions (CO2eq)","Meat, chicken","1995","gigagrams","741.5553"
"Emissions intensities","India","Emissions (CO2eq)","Meat, chicken","1996","gigagrams","763.9439"
"Emissions intensities","India","Emissions (CO2eq)","Meat, chicken","1997","gigagrams","758.7577"
"Emissions intensities","India","Emissions (CO2eq)","Meat, chicken","1998","gigagrams","811.6303"
"Emissions intensities","India","Emissions (CO2eq)","Meat, chicken","1999","gigagrams","861.5767"
"Emissions intensities","India","Emissions (CO2eq)","Meat, chicken","2000","gigagrams","832.4413"
"Emissions intensities","India","Emissions (CO2eq)","Meat, chicken","2001","gigagrams","878.2256"
"Emissions intensities","India","Emissions (CO2eq)","Meat, chicken","2002","gigagrams","948.9831"
"Emissions intensities","India","Emissions (CO2eq)","Meat, chicken","2003","gigagrams","1071.3478"
"Emissions intensities","India","Emissions (CO2eq)","Meat, chicken","2004","gigagrams","1169.8963"
"Emissions intensities","India","Emissions (CO2eq)","Meat, chicken","2005","gigagrams","1317.4882"
"Emissions intensities","India","Emissions (CO2eq)","Meat, chicken","2006","gigagrams","1427.6202"
"Emissions intensities","India","Emissions (CO2eq)","Meat, chicken","2007","gigagrams","1538.9092"
"Emissions intensities","India","Emissions (CO2eq)","Meat, chicken","2008","gigagrams","1558.5632"
"Emissions intensities","India","Emissions (CO2eq)","Meat, chicken","2009","gigagrams","1539.0632"
"Emissions intensities","India","Emissions (CO2eq)","Meat, chicken","2010","gigagrams","1496.9042"
"Emissions intensities","India","Emissions (CO2eq)","Meat, chicken","2011","gigagrams","1545.3274"
"Emissions intensities","India","Emissions (CO2eq)","Meat, chicken","2012","gigagrams","1542.6323"
"Emissions intensities","India","Emissions (CO2eq)","Meat, chicken","2013","gigagrams","1599.2627"
"Emissions intensities","India","Emissions (CO2eq)","Meat, chicken","2014","gigagrams","1666.5017"
"Emissions intensities","India","Emissions (CO2eq)","Meat, chicken","2015","gigagrams","1508.0739"
"Emissions intensities","India","Emissions (CO2eq)","Meat, chicken","2016","gigagrams","1634.1189"
"Emissions intensities","India","Emissions (CO2eq)","Meat, chicken","2017","gigagrams","1582.8579"
"Emissions intensities","India","Emissions (CO2eq)","Eggs, hen, in shell","1961","gigagrams","209.9751"
"Emissions intensities","India","Emissions (CO2eq)","Eggs, hen, in shell","1962","gigagrams","224.9734"
"Emissions intensities","India","Emissions (CO2eq)","Eggs, hen, in shell","1963","gigagrams","227.973"
"Emissions intensities","India","Emissions (CO2eq)","Eggs, hen, in shell","1964","gigagrams","221.9737"
"Emissions intensities","India","Emissions (CO2eq)","Eggs, hen, in shell","1965","gigagrams","224.9734"
"Emissions intensities","India","Emissions (CO2eq)","Eggs, hen, in shell","1966","gigagrams","233.9723"
"Emissions intensities","India","Emissions (CO2eq)","Eggs, hen, in shell","1967","gigagrams","263.9687"
"Emissions intensities","India","Emissions (CO2eq)","Eggs, hen, in shell","1968","gigagrams","278.967"
"Emissions intensities","India","Emissions (CO2eq)","Eggs, hen, in shell","1969","gigagrams","287.9659"
"Emissions intensities","India","Emissions (CO2eq)","Eggs, hen, in shell","1970","gigagrams","302.9641"
"Emissions intensities","India","Emissions (CO2eq)","Eggs, hen, in shell","1971","gigagrams","317.9623"
"Emissions intensities","India","Emissions (CO2eq)","Eggs, hen, in shell","1972","gigagrams","362.957"
"Emissions intensities","India","Emissions (CO2eq)","Eggs, hen, in shell","1973","gigagrams","419.9503"
"Emissions intensities","India","Emissions (CO2eq)","Eggs, hen, in shell","1974","gigagrams","425.9496"
"Emissions intensities","India","Emissions (CO2eq)","Eggs, hen, in shell","1975","gigagrams","479.9432"
"Emissions intensities","India","Emissions (CO2eq)","Eggs, hen, in shell","1976","gigagrams","515.9389"
"Emissions intensities","India","Emissions (CO2eq)","Eggs, hen, in shell","1977","gigagrams","479.9432"
"Emissions intensities","India","Emissions (CO2eq)","Eggs, hen, in shell","1978","gigagrams","455.946"
"Emissions intensities","India","Emissions (CO2eq)","Eggs, hen, in shell","1979","gigagrams","431.9489"
"Emissions intensities","India","Emissions (CO2eq)","Eggs, hen, in shell","1980","gigagrams","449.9467"
"Emissions intensities","India","Emissions (CO2eq)","Eggs, hen, in shell","1981","gigagrams","431.9489"
"Emissions intensities","India","Emissions (CO2eq)","Eggs, hen, in shell","1982","gigagrams","431.9489"
"Emissions intensities","India","Emissions (CO2eq)","Eggs, hen, in shell","1983","gigagrams","467.9446"
"Emissions intensities","India","Emissions (CO2eq)","Eggs, hen, in shell","1984","gigagrams","509.9396"
"Emissions intensities","India","Emissions (CO2eq)","Eggs, hen, in shell","1985","gigagrams","497.941"
"Emissions intensities","India","Emissions (CO2eq)","Eggs, hen, in shell","1986","gigagrams","521.9382"
"Emissions intensities","India","Emissions (CO2eq)","Eggs, hen, in shell","1987","gigagrams","551.9346"
"Emissions intensities","India","Emissions (CO2eq)","Eggs, hen, in shell","1988","gigagrams","575.9318"
"Emissions intensities","India","Emissions (CO2eq)","Eggs, hen, in shell","1989","gigagrams","611.9275"
"Emissions intensities","India","Emissions (CO2eq)","Eggs, hen, in shell","1990","gigagrams","689.9183"
"Emissions intensities","India","Emissions (CO2eq)","Eggs, hen, in shell","1991","gigagrams","701.9169"
"Emissions intensities","India","Emissions (CO2eq)","Eggs, hen, in shell","1992","gigagrams","659.9219"
"Emissions intensities","India","Emissions (CO2eq)","Eggs, hen, in shell","1993","gigagrams","689.9183"
"Emissions intensities","India","Emissions (CO2eq)","Eggs, hen, in shell","1994","gigagrams","751.519"
"Emissions intensities","India","Emissions (CO2eq)","Eggs, hen, in shell","1995","gigagrams","766.9252"
"Emissions intensities","India","Emissions (CO2eq)","Eggs, hen, in shell","1996","gigagrams","782.6493"
"Emissions intensities","India","Emissions (CO2eq)","Eggs, hen, in shell","1997","gigagrams","798.6914"
"Emissions intensities","India","Emissions (CO2eq)","Eggs, hen, in shell","1998","gigagrams","833.9013"
"Emissions intensities","India","Emissions (CO2eq)","Eggs, hen, in shell","1999","gigagrams","875.8963"
"Emissions intensities","India","Emissions (CO2eq)","Eggs, hen, in shell","2000","gigagrams","1043.8764"
"Emissions intensities","India","Emissions (CO2eq)","Eggs, hen, in shell","2001","gigagrams","1109.8686"
"Emissions intensities","India","Emissions (CO2eq)","Eggs, hen, in shell","2002","gigagrams","1145.8643"
"Emissions intensities","India","Emissions (CO2eq)","Eggs, hen, in shell","2003","gigagrams","1199.8579"
"Emissions intensities","India","Emissions (CO2eq)","Eggs, hen, in shell","2004","gigagrams","1271.8494"
"Emissions intensities","India","Emissions (CO2eq)","Eggs, hen, in shell","2005","gigagrams","1289.8473"
"Emissions intensities","India","Emissions (CO2eq)","Eggs, hen, in shell","2006","gigagrams","1379.8366"
"Emissions intensities","India","Emissions (CO2eq)","Eggs, hen, in shell","2007","gigagrams","1487.8238"
"Emissions intensities","India","Emissions (CO2eq)","Eggs, hen, in shell","2008","gigagrams","1548.4406"
"Emissions intensities","India","Emissions (CO2eq)","Eggs, hen, in shell","2009","gigagrams","1667.6165"
"Emissions intensities","India","Emissions (CO2eq)","Eggs, hen, in shell","2010","gigagrams","1821.7323"
"Emissions intensities","India","Emissions (CO2eq)","Eggs, hen, in shell","2011","gigagrams","1846.1254"
"Emissions intensities","India","Emissions (CO2eq)","Eggs, hen, in shell","2012","gigagrams","1931.8762"
"Emissions intensities","India","Emissions (CO2eq)","Eggs, hen, in shell","2013","gigagrams","1948.3632"
"Emissions intensities","India","Emissions (CO2eq)","Eggs, hen, in shell","2014","gigagrams","1947.4354"
"Emissions intensities","India","Emissions (CO2eq)","Eggs, hen, in shell","2015","gigagrams","2267.9894"
"Emissions intensities","India","Emissions (CO2eq)","Eggs, hen, in shell","2016","gigagrams","2295.7901"
"Emissions intensities","India","Emissions (CO2eq)","Eggs, hen, in shell","2017","gigagrams","2417.5697"
"Emissions intensities","India","Emissions (CO2eq)","Meat, pig","1961","gigagrams","893.2411"
"Emissions intensities","India","Emissions (CO2eq)","Meat, pig","1962","gigagrams","886.1656"
"Emissions intensities","India","Emissions (CO2eq)","Meat, pig","1963","gigagrams","878.3997"
"Emissions intensities","India","Emissions (CO2eq)","Meat, pig","1964","gigagrams","871.4968"
"Emissions intensities","India","Emissions (CO2eq)","Meat, pig","1965","gigagrams","864.5939"
"Emissions intensities","India","Emissions (CO2eq)","Meat, pig","1966","gigagrams","858.5538"
"Emissions intensities","India","Emissions (CO2eq)","Meat, pig","1967","gigagrams","915.3305"
"Emissions intensities","India","Emissions (CO2eq)","Meat, pig","1968","gigagrams","964.3414"
"Emissions intensities","India","Emissions (CO2eq)","Meat, pig","1969","gigagrams","983.6697"
"Emissions intensities","India","Emissions (CO2eq)","Meat, pig","1970","gigagrams","1035.4417"
"Emissions intensities","India","Emissions (CO2eq)","Meat, pig","1971","gigagrams","1127.4235"
"Emissions intensities","India","Emissions (CO2eq)","Meat, pig","1972","gigagrams","1190.0677"
"Emissions intensities","India","Emissions (CO2eq)","Meat, pig","1973","gigagrams","1190.758"
"Emissions intensities","India","Emissions (CO2eq)","Meat, pig","1974","gigagrams","1225.2727"
"Emissions intensities","India","Emissions (CO2eq)","Meat, pig","1975","gigagrams","1259.7874"
"Emissions intensities","India","Emissions (CO2eq)","Meat, pig","1976","gigagrams","1277.0448"
"Emissions intensities","India","Emissions (CO2eq)","Meat, pig","1977","gigagrams","1319.6705"
"Emissions intensities","India","Emissions (CO2eq)","Meat, pig","1978","gigagrams","1397.8463"
"Emissions intensities","India","Emissions (CO2eq)","Meat, pig","1979","gigagrams","1484.1332"
"Emissions intensities","India","Emissions (CO2eq)","Meat, pig","1980","gigagrams","1553.1626"
"Emissions intensities","India","Emissions (CO2eq)","Meat, pig","1981","gigagrams","1656.7068"
"Emissions intensities","India","Emissions (CO2eq)","Meat, pig","1982","gigagrams","1738.1615"
"Emissions intensities","India","Emissions (CO2eq)","Meat, pig","1983","gigagrams","1760.251"
"Emissions intensities","India","Emissions (CO2eq)","Meat, pig","1984","gigagrams","1777.5083"
"Emissions intensities","India","Emissions (CO2eq)","Meat, pig","1985","gigagrams","1794.7657"
"Emissions intensities","India","Emissions (CO2eq)","Meat, pig","1986","gigagrams","1812.023"
"Emissions intensities","India","Emissions (CO2eq)","Meat, pig","1987","gigagrams","1830.3158"
"Emissions intensities","India","Emissions (CO2eq)","Meat, pig","1988","gigagrams","1898.3099"
"Emissions intensities","India","Emissions (CO2eq)","Meat, pig","1989","gigagrams","1967.3393"
"Emissions intensities","India","Emissions (CO2eq)","Meat, pig","1990","gigagrams","2053.6261"
"Emissions intensities","India","Emissions (CO2eq)","Meat, pig","1991","gigagrams","2122.6556"
"Emissions intensities","India","Emissions (CO2eq)","Meat, pig","1992","gigagrams","2206.8715"
"Emissions intensities","India","Emissions (CO2eq)","Meat, pig","1993","gigagrams","2226.1997"
"Emissions intensities","India","Emissions (CO2eq)","Meat, pig","1994","gigagrams","2243.4571"
"Emissions intensities","India","Emissions (CO2eq)","Meat, pig","1995","gigagrams","2260.7145"
"Emissions intensities","India","Emissions (CO2eq)","Meat, pig","1996","gigagrams","2277.9718"
"Emissions intensities","India","Emissions (CO2eq)","Meat, pig","1997","gigagrams","2293.676"
"Emissions intensities","India","Emissions (CO2eq)","Meat, pig","1998","gigagrams","2300.0612"
"Emissions intensities","India","Emissions (CO2eq)","Meat, pig","1999","gigagrams","2306.619"
"Emissions intensities","India","Emissions (CO2eq)","Meat, pig","2000","gigagrams","2313.0043"
"Emissions intensities","India","Emissions (CO2eq)","Meat, pig","2001","gigagrams","2319.3895"
"Emissions intensities","India","Emissions (CO2eq)","Meat, pig","2002","gigagrams","2325.9473"
"Emissions intensities","India","Emissions (CO2eq)","Meat, pig","2003","gigagrams","2333.0228"
"Emissions intensities","India","Emissions (CO2eq)","Meat, pig","2004","gigagrams","2222.4031"
"Emissions intensities","India","Emissions (CO2eq)","Meat, pig","2005","gigagrams","2117.1332"
"Emissions intensities","India","Emissions (CO2eq)","Meat, pig","2006","gigagrams","2016.6954"
"Emissions intensities","India","Emissions (CO2eq)","Meat, pig","2007","gigagrams","1921.4347"
"Emissions intensities","India","Emissions (CO2eq)","Meat, pig","2008","gigagrams","1892.6149"
"Emissions intensities","India","Emissions (CO2eq)","Meat, pig","2009","gigagrams","1864.1403"
"Emissions intensities","India","Emissions (CO2eq)","Meat, pig","2010","gigagrams","1836.1834"
"Emissions intensities","India","Emissions (CO2eq)","Meat, pig","2011","gigagrams","1808.7441"
"Emissions intensities","India","Emissions (CO2eq)","Meat, pig","2012","gigagrams","1776.4204"
"Emissions intensities","India","Emissions (CO2eq)","Meat, pig","2013","gigagrams","1748.1708"
"Emissions intensities","India","Emissions (CO2eq)","Meat, pig","2014","gigagrams","1725.7362"
"Emissions intensities","India","Emissions (CO2eq)","Meat, pig","2015","gigagrams","1703.0152"
"Emissions intensities","India","Emissions (CO2eq)","Meat, pig","2016","gigagrams","1570.5815"
"Emissions intensities","India","Emissions (CO2eq)","Meat, pig","2017","gigagrams","1518.7083"
